step,t,tStar,dt,CFL,xFront,XStar,volume,volDriftPct,maxDiv,poissonIters,poissonResidual,KE,clippedAlpha,topOutflow,maxVelInterface
0,0.000000,0.000000,0.000000e+00,0.0000,0.057150,1.000000,0.006532,0.000000e+00,0.000000e+00,0,0.000000e+00,0.000000e+00,0.000000e+00,0.000000e+00,0.000000
1,0.001000,0.018529,1.000000e-03,0.0000,0.057162,1.000210,0.006532,-3.615642e-11,1.192330e-06,116,8.604350e-07,0.000000e+00,0.000000e+00,0.000000e+00,0.000000
2,0.002000,0.037057,1.000000e-03,0.0000,0.057187,1.000639,0.006532,1.723106e-10,3.675809e-06,104,8.177786e-07,0.000000e+00,3.370815e-10,0.000000e+00,0.000000
3,0.003000,0.055586,1.000000e-03,0.0000,0.057224,1.001300,0.006532,3.103902e-10,4.424990e-06,102,7.891748e-07,0.000000e+00,3.370815e-10,0.000000e+00,0.000000
4,0.004000,0.074114,1.000000e-03,0.0000,0.057277,1.002222,0.006532,2.300162e-09,6.231212e-06,100,9.461352e-07,0.000000e+00,1.053377e-08,0.000000e+00,0.000000
5,0.005000,0.092643,1.000000e-03,0.0000,0.057347,1.003443,0.006532,2.380760e-09,5.970697e-06,98,7.953531e-07,0.000000e+00,1.053377e-08,0.000000e+00,0.000000
6,0.006000,0.111171,1.000000e-03,0.0000,0.057437,1.005018,0.006532,1.169913e-08,5.384670e-06,98,7.489506e-07,0.000000e+00,5.807533e-08,0.000000e+00,0.000000
7,0.007000,0.129700,1.000000e-03,0.0000,0.057552,1.007034,0.006532,1.153046e-08,5.547213e-06,97,8.896330e-07,0.000000e+00,5.807533e-08,0.000000e+00,0.000000
8,0.008000,0.148228,1.000000e-03,0.0000,0.057699,1.009604,0.006532,3.173645e-08,4.718351e-06,95,9.813734e-07,0.000000e+00,1.609367e-07,0.000000e+00,0.000000
9,0.009000,0.166757,1.000000e-03,0.0000,0.057889,1.012926,0.006532,3.165033e-08,3.237837e-06,94,8.791752e-07,0.000000e+00,1.609367e-07,0.000000e+00,0.000000
10,0.010000,0.185285,1.000000e-03,0.0000,0.058136,1.017257,0.006532,5.145172e-08,5.122130e-06,94,8.994344e-07,0.000000e+00,2.628198e-07,0.000000e+00,0.000000
11,0.011000,0.203814,1.000000e-03,0.0000,0.058471,1.023112,0.006532,4.432374e-07,2.708489e-06,94,9.290985e-07,0.000000e+00,2.269327e-06,0.000000e+00,0.000000
12,0.012000,0.222343,1.000000e-03,0.0000,0.058935,1.031234,0.006532,5.448686e-07,4.356059e-06,70,9.873039e-07,0.000000e+00,2.789819e-06,0.000000e+00,0.000000
13,0.013000,0.240871,1.000000e-03,0.0000,0.059434,1.039965,0.006532,5.449859e-07,5.536144e-06,95,9.478441e-07,0.000000e+00,2.789819e-06,0.000000e+00,0.000000
14,0.014000,0.259400,1.000000e-03,0.0000,0.059831,1.046912,0.006532,6.663322e-07,5.477555e-06,95,9.732811e-07,0.000000e+00,3.410477e-06,0.000000e+00,0.000000
15,0.015000,0.277928,1.000000e-03,0.0000,0.060158,1.052640,0.006532,6.664434e-07,5.717414e-06,95,9.912040e-07,0.000000e+00,3.410477e-06,0.000000e+00,0.000000
16,0.016000,0.296457,1.000000e-03,0.0000,0.060426,1.057322,0.006532,8.039956e-07,6.046541e-06,95,9.959045e-07,0.000000e+00,4.114205e-06,0.000000e+00,0.000000
17,0.017000,0.314985,1.000000e-03,0.0000,0.060653,1.061293,0.006532,8.041078e-07,6.889542e-06,96,9.258128e-07,0.000000e+00,4.114205e-06,0.000000e+00,0.000000
18,0.018000,0.333514,1.000000e-03,0.0000,0.060861,1.064937,0.006532,9.230872e-07,7.140887e-06,96,9.050940e-07,0.000000e+00,4.722684e-06,0.000000e+00,0.000000
19,0.019000,0.352042,1.000000e-03,0.0000,0.061135,1.069733,0.006532,9.230154e-07,6.428508e-06,98,7.693015e-07,0.000000e+00,4.722684e-06,0.000000e+00,0.000000
20,0.020000,0.370571,1.000000e-03,0.0000,0.061511,1.076309,0.006532,9.987280e-07,3.779872e-06,94,9.905770e-07,0.000000e+00,5.110862e-06,0.000000e+00,0.000000
21,0.021000,0.389100,1.000000e-03,0.0000,0.062070,1.086082,0.006532,9.986070e-07,3.100838e-06,94,9.628902e-07,0.000000e+00,5.110862e-06,0.000000e+00,0.000000
22,0.022000,0.407628,1.000000e-03,0.0000,0.062880,1.100264,0.006532,6.129791e-06,4.134466e-06,95,8.729244e-07,0.000000e+00,3.138331e-05,0.000000e+00,0.000000
23,0.023000,0.426157,1.000000e-03,0.0000,0.063492,1.110969,0.006532,6.129632e-06,5.254614e-06,95,8.742814e-07,0.000000e+00,3.138331e-05,0.000000e+00,0.000000
24,0.024000,0.444685,1.000000e-03,0.0000,0.063919,1.118448,0.006532,6.129735e-06,4.171493e-06,96,9.264889e-07,0.000000e+00,3.138331e-05,0.000000e+00,0.000000
25,0.025000,0.463214,1.000000e-03,0.0000,0.064234,1.123957,0.006532,6.129840e-06,7.833934e-06,96,9.368778e-07,0.000000e+00,3.138331e-05,0.000000e+00,0.000000
26,0.026000,0.481742,1.000000e-03,0.0000,0.064521,1.128969,0.006532,6.127361e-06,3.014062e-06,96,9.022115e-07,0.000000e+00,3.137013e-05,0.000000e+00,0.000000
27,0.027000,0.500271,1.000000e-03,0.0000,0.064919,1.135945,0.006532,6.127414e-06,6.197417e-06,98,8.148530e-07,0.000000e+00,3.137013e-05,0.000000e+00,0.000000
28,0.028000,0.518799,1.000000e-03,0.0000,0.065527,1.146584,0.006532,6.083603e-06,2.743405e-06,97,9.409668e-07,0.000000e+00,3.114496e-05,0.000000e+00,0.000000
29,0.029000,0.537328,1.000000e-03,0.0000,0.066469,1.163069,0.006532,6.083492e-06,2.830623e-06,99,7.600128e-07,0.000000e+00,3.114496e-05,0.000000e+00,0.000000
30,0.030000,0.555856,1.000000e-03,0.0000,0.067168,1.175296,0.006532,6.053488e-06,3.299569e-06,97,9.770820e-07,0.000000e+00,3.099086e-05,0.000000e+00,0.000000
31,0.031000,0.574385,1.000000e-03,0.0000,0.067622,1.183233,0.006532,6.053410e-06,5.813821e-06,96,7.728686e-07,0.000000e+00,3.099086e-05,0.000000e+00,0.000000
32,0.032000,0.592914,1.000000e-03,0.0000,0.067952,1.189009,0.006532,-6.899709e-05,4.141022e-06,96,9.068858e-07,0.000000e+00,-3.532671e-04,0.000000e+00,0.000000
33,0.033000,0.611442,1.000000e-03,0.0000,0.068346,1.195907,0.006532,-6.899707e-05,1.008425e-05,97,8.319041e-07,0.000000e+00,-3.532671e-04,0.000000e+00,0.000000
34,0.034000,0.629971,1.000000e-03,0.0000,0.068972,1.206868,0.006532,-6.888996e-05,3.941048e-06,97,8.488697e-07,0.000000e+00,-3.527188e-04,0.000000e+00,0.000000
35,0.035000,0.648499,1.000000e-03,0.0000,0.069986,1.224602,0.006532,-6.888992e-05,3.783899e-06,97,8.290626e-07,0.000000e+00,-3.527188e-04,0.000000e+00,0.000000
36,0.036000,0.667028,1.000000e-03,0.0000,0.070764,1.238211,0.006532,-6.906373e-05,3.717947e-06,97,9.338481e-07,0.000000e+00,-3.536089e-04,0.000000e+00,0.000000
37,0.037000,0.685556,1.000000e-03,0.0000,0.071242,1.246577,0.006532,-6.906373e-05,3.065798e-06,97,8.235467e-07,0.000000e+00,-3.536089e-04,0.000000e+00,0.000000
38,0.038000,0.704085,1.000000e-03,0.0000,0.071598,1.252806,0.006532,-2.680006e-04,9.078901e-06,98,9.122762e-07,0.000000e+00,-1.372165e-03,0.000000e+00,0.000000
39,0.039000,0.722613,1.000000e-03,0.0000,0.072069,1.261055,0.006532,-2.680016e-04,1.124648e-05,99,9.387715e-07,0.000000e+00,-1.372171e-03,0.000000e+00,0.000000
40,0.040000,0.741142,1.000000e-03,0.0000,0.072881,1.275249,0.006532,-2.674071e-04,9.387306e-06,101,9.678282e-07,0.000000e+00,-1.369126e-03,0.000000e+00,0.000000
41,0.041000,0.759670,1.000000e-03,0.0000,0.073951,1.293985,0.006532,-2.674076e-04,3.783089e-06,102,8.280939e-07,0.000000e+00,-1.369130e-03,0.000000e+00,0.000000
42,0.042000,0.778199,1.000000e-03,0.0000,0.074607,1.305453,0.006532,-2.586788e-04,3.443295e-06,102,8.712560e-07,0.000000e+00,-1.324439e-03,0.000000e+00,0.000000
43,0.043000,0.796728,1.000000e-03,0.0000,0.075015,1.312603,0.006532,-2.586797e-04,4.372569e-06,97,9.969353e-07,0.000000e+00,-1.324443e-03,0.000000e+00,0.000000
44,0.044000,0.815256,1.000000e-03,0.0000,0.075452,1.320252,0.006532,-2.628487e-04,6.723054e-06,101,9.442577e-07,0.000000e+00,-1.345789e-03,0.000000e+00,0.000000
45,0.045000,0.833785,1.000000e-03,0.0000,0.076137,1.332225,0.006532,-2.628486e-04,7.282327e-06,100,9.571640e-07,0.000000e+00,-1.345789e-03,0.000000e+00,0.000000
46,0.046000,0.852313,1.000000e-03,0.0000,0.077303,1.352630,0.006532,-3.754312e-04,3.397322e-06,97,9.807748e-07,0.000000e+00,-1.922212e-03,0.000000e+00,0.000000
47,0.047000,0.870842,1.000000e-03,0.0000,0.078059,1.365862,0.006532,-3.754316e-04,5.963699e-06,101,9.130833e-07,0.000000e+00,-1.922215e-03,0.000000e+00,0.000000
48,0.048000,0.889370,1.000000e-03,0.0000,0.078532,1.374143,0.006532,-3.780494e-04,9.408204e-06,103,9.016088e-07,0.000000e+00,-1.935617e-03,0.000000e+00,0.000000
49,0.049000,0.907899,1.000000e-03,0.0000,0.078946,1.381374,0.006532,-3.780494e-04,6.521301e-06,102,8.859015e-07,0.000000e+00,-1.935617e-03,0.000000e+00,0.000000
50,0.050000,0.926427,1.000000e-03,0.0000,0.079648,1.393662,0.006532,-3.900606e-04,4.570078e-06,103,9.525256e-07,0.000000e+00,-1.997114e-03,0.000000e+00,0.000000
51,0.051000,0.944956,1.000000e-03,0.0000,0.080812,1.414038,0.006532,-3.900607e-04,5.231451e-06,103,9.351015e-07,0.000000e+00,-1.997114e-03,0.000000e+00,0.000000
52,0.052000,0.963484,1.000000e-03,0.0000,0.081641,1.428538,0.006532,-4.041372e-04,5.784878e-06,104,9.011954e-07,0.000000e+00,-2.069185e-03,0.000000e+00,0.000000
53,0.053000,0.982013,1.000000e-03,0.0000,0.082117,1.436867,0.006532,-4.041372e-04,5.883900e-06,103,9.512983e-07,0.000000e+00,-2.069185e-03,0.000000e+00,0.000000
54,0.054000,1.000542,1.000000e-03,0.0000,0.082579,1.444944,0.006532,-5.158311e-04,7.575547e-06,104,7.750210e-07,0.000000e+00,-2.641058e-03,0.000000e+00,0.000000
55,0.055000,1.019070,1.000000e-03,0.0000,0.083330,1.458084,0.006532,-5.158312e-04,3.421261e-06,101,9.771055e-07,0.000000e+00,-2.641058e-03,0.000000e+00,0.000000
56,0.056000,1.037599,1.000000e-03,0.0000,0.084586,1.480073,0.006532,-6.155669e-04,3.705707e-06,103,8.052102e-07,0.000000e+00,-3.151705e-03,0.000000e+00,0.000000
57,0.057000,1.056127,1.000000e-03,0.0000,0.085330,1.493095,0.006532,-6.155922e-04,6.724730e-06,103,9.773705e-07,0.000000e+00,-3.151835e-03,0.000000e+00,0.000000
58,0.058000,1.074656,1.000000e-03,0.0000,0.085785,1.501046,0.006532,-1.574510e-03,5.291284e-06,104,9.834228e-07,0.000000e+00,-8.061491e-03,0.000000e+00,0.000000
59,0.059000,1.093184,1.000000e-03,0.0000,0.086303,1.510119,0.006532,-1.574513e-03,5.527286e-06,103,9.837313e-07,0.000000e+00,-8.061512e-03,0.000000e+00,0.000000
60,0.060000,1.111704,9.995332e-04,0.0000,0.087283,1.527268,0.006532,-1.305383e-03,3.105982e-06,105,7.088888e-07,0.000000e+00,-6.683564e-03,0.000000e+00,0.000000
61,0.060990,1.130050,9.901204e-04,0.0000,0.088451,1.547704,0.006532,-1.305384e-03,5.160802e-06,103,8.799671e-07,0.000000e+00,-6.683567e-03,0.000000e+00,0.000000
62,0.061972,1.148242,9.818693e-04,0.0000,0.089096,1.558979,0.006532,-1.359427e-03,4.152658e-06,104,8.506080e-07,0.000000e+00,-6.960270e-03,0.000000e+00,0.000000
63,0.062946,1.166301,9.746526e-04,0.0000,0.089525,1.566486,0.006532,-1.359427e-03,3.671590e-06,103,8.784030e-07,0.000000e+00,-6.960270e-03,0.000000e+00,0.000000
64,0.063912,1.184206,9.663131e-04,0.0000,0.090194,1.578201,0.006532,-1.401736e-03,5.329751e-06,104,7.097253e-07,0.000000e+00,-7.176888e-03,0.000000e+00,0.000000
65,0.064868,1.201915,9.558107e-04,0.0000,0.091388,1.599096,0.006532,-1.401736e-03,5.467835e-06,104,8.720306e-07,0.000000e+00,-7.176888e-03,0.000000e+00,0.000000
66,0.065815,1.219454,9.465989e-04,0.0000,0.092321,1.615415,0.006532,-1.629953e-03,1.218723e-05,104,9.503429e-07,0.000000e+00,-8.345362e-03,0.000000e+00,0.000000
67,0.066753,1.236840,9.382954e-04,0.0000,0.092831,1.624332,0.006532,-1.629954e-03,5.723622e-06,104,9.187482e-07,0.000000e+00,-8.345364e-03,0.000000e+00,0.000000
68,0.067684,1.254086,9.307731e-04,0.0000,0.093312,1.632748,0.006532,-1.821057e-03,5.080456e-06,104,9.230216e-07,0.000000e+00,-9.323815e-03,0.000000e+00,0.000000
69,0.068608,1.271208,9.240968e-04,0.0000,0.094121,1.646906,0.006532,-1.821057e-03,3.648823e-06,104,7.857934e-07,0.000000e+00,-9.323815e-03,0.000000e+00,0.000000
70,0.069526,1.288222,9.182964e-04,0.0000,0.095398,1.669252,0.006532,-1.908263e-03,7.426993e-06,100,9.733877e-07,0.000000e+00,-9.770307e-03,0.000000e+00,0.000000
71,0.070438,1.305120,9.119729e-04,0.0000,0.096117,1.681829,0.006532,-1.908263e-03,2.951278e-06,102,8.707624e-07,0.000000e+00,-9.770307e-03,0.000000e+00,0.000000
72,0.071342,1.321861,9.035455e-04,0.0000,0.096562,1.689621,0.006532,-2.468538e-03,4.976121e-06,100,8.653813e-07,0.000000e+00,-1.263892e-02,0.000000e+00,0.000000
73,0.072238,1.338462,8.959416e-04,0.0000,0.097126,1.699501,0.006532,-2.468540e-03,5.844059e-06,101,9.628675e-07,0.000000e+00,-1.263893e-02,0.000000e+00,0.000000
74,0.073127,1.354936,8.891160e-04,0.0000,0.098200,1.718277,0.006532,-2.567977e-03,6.118272e-06,103,8.693978e-07,0.000000e+00,-1.314804e-02,0.000000e+00,0.000000
75,0.074010,1.371297,8.830387e-04,0.0000,0.099285,1.737265,0.006532,-2.568008e-03,6.654441e-06,103,9.044030e-07,0.000000e+00,-1.314820e-02,0.000000e+00,0.000000
76,0.074888,1.387559,8.776306e-04,0.0000,0.099877,1.747629,0.006532,-2.828425e-03,1.031321e-05,104,7.607851e-07,0.000000e+00,-1.448154e-02,0.000000e+00,0.000000
77,0.075760,1.403731,8.728288e-04,0.0000,0.100313,1.755264,0.006532,-2.828425e-03,3.818985e-06,104,9.064198e-07,0.000000e+00,-1.448154e-02,0.000000e+00,0.000000
78,0.076628,1.419813,8.679468e-04,0.0000,0.101033,1.767851,0.006532,-2.957973e-03,7.110888e-06,99,8.394082e-07,0.000000e+00,-1.514482e-02,0.000000e+00,0.000000
79,0.077489,1.435766,8.609918e-04,0.0000,0.102277,1.789626,0.006532,-2.957973e-03,7.335923e-06,100,8.026273e-07,0.000000e+00,-1.514482e-02,0.000000e+00,0.000000
80,0.078344,1.451604,8.547912e-04,0.0000,0.103125,1.804456,0.006532,-3.471237e-03,3.577666e-06,102,8.246196e-07,0.000000e+00,-1.777273e-02,0.000000e+00,0.000000
81,0.079193,1.467338,8.492193e-04,0.0000,0.103603,1.812827,0.006532,-3.471237e-03,4.363743e-06,100,9.258137e-07,0.000000e+00,-1.777273e-02,0.000000e+00,0.000000
82,0.080038,1.482980,8.441921e-04,0.0000,0.104116,1.821801,0.006532,-3.563445e-03,4.271508e-06,99,9.429222e-07,0.000000e+00,-1.824484e-02,0.000000e+00,0.000000
83,0.080877,1.498539,8.397047e-04,0.0000,0.105006,1.837370,0.006532,-3.563446e-03,5.039879e-06,101,8.915530e-07,0.000000e+00,-1.824484e-02,0.000000e+00,0.000000
84,0.081713,1.514025,8.358101e-04,0.0000,0.106241,1.858977,0.006532,-3.641129e-03,3.239370e-06,101,9.711527e-07,0.000000e+00,-1.864258e-02,0.000000e+00,0.000000
85,0.082545,1.529442,8.320644e-04,0.0000,0.106905,1.870600,0.006532,-3.639336e-03,6.377947e-06,102,8.240321e-07,0.000000e+00,-1.863340e-02,0.000000e+00,0.000000
86,0.083371,1.544753,8.263401e-04,0.0000,0.107342,1.878243,0.006532,-4.166354e-03,3.887275e-06,100,9.139505e-07,0.000000e+00,-2.133173e-02,0.000000e+00,0.000000
87,0.084193,1.559969,8.212100e-04,0.0000,0.107948,1.888862,0.006532,-4.166354e-03,1.968050e-06,99,6.987514e-07,0.000000e+00,-2.133173e-02,0.000000e+00,0.000000
88,0.085009,1.575100,8.166563e-04,0.0000,0.109107,1.909142,0.006532,-4.271431e-03,5.730844e-06,100,9.525566e-07,0.000000e+00,-2.186973e-02,0.000000e+00,0.000000
89,0.085822,1.590156,8.125898e-04,0.0000,0.110094,1.926400,0.006532,-4.271428e-03,4.628666e-06,98,9.348065e-07,0.000000e+00,-2.186971e-02,0.000000e+00,0.000000
90,0.086630,1.605136,8.084630e-04,0.0000,0.110644,1.936031,0.006532,-4.316668e-03,4.479111e-06,96,9.405532e-07,0.000000e+00,-2.210134e-02,0.000000e+00,0.000000
91,0.087435,1.620038,8.043073e-04,0.0000,0.111090,1.943835,0.006532,-4.316668e-03,3.519614e-06,103,8.499669e-07,0.000000e+00,-2.210134e-02,0.000000e+00,0.000000
92,0.088234,1.634850,7.994154e-04,0.0000,0.111847,1.957083,0.006532,-4.526420e-03,3.699475e-06,99,8.093968e-07,0.000000e+00,-2.317527e-02,0.000000e+00,0.000000
93,0.089029,1.649578,7.948517e-04,0.0000,0.113099,1.978979,0.006532,-4.526421e-03,3.190104e-06,96,9.478245e-07,0.000000e+00,-2.317527e-02,0.000000e+00,0.000000
94,0.089820,1.664228,7.906681e-04,0.0000,0.113891,1.992846,0.006532,-4.563849e-03,2.475804e-06,101,7.468883e-07,0.000000e+00,-2.336691e-02,0.000000e+00,0.000000
95,0.090606,1.678807,7.868275e-04,0.0000,0.114350,2.000883,0.006532,-4.563845e-03,4.140715e-06,98,7.622443e-07,0.000000e+00,-2.336689e-02,0.000000e+00,0.000000
96,0.091390,1.693319,7.832624e-04,0.0000,0.114878,2.010106,0.006532,-4.563929e-03,3.010497e-06,97,8.500342e-07,0.000000e+00,-2.336731e-02,0.000000e+00,0.000000
97,0.092169,1.707752,7.789683e-04,0.0000,0.115794,2.026141,0.006532,-4.560331e-03,3.765075e-06,98,7.404426e-07,0.000000e+00,-2.334890e-02,0.000000e+00,0.000000
98,0.092944,1.722112,7.749750e-04,0.0000,0.116992,2.047096,0.006532,-5.109556e-03,3.646735e-06,98,8.735220e-07,0.000000e+00,-2.616092e-02,0.000000e+00,0.000000
99,0.093715,1.736402,7.712907e-04,0.0000,0.117633,2.058315,0.006532,-5.100682e-03,4.404811e-06,101,9.311752e-07,0.000000e+00,-2.611549e-02,0.000000e+00,0.000000
100,0.094483,1.750630,7.678963e-04,0.0000,0.118062,2.065820,0.006532,-5.440415e-03,3.446987e-06,97,9.614016e-07,0.000000e+00,-2.785492e-02,0.000000e+00,0.000000
101,0.095248,1.764800,7.647653e-04,0.0000,0.118662,2.076324,0.006532,-5.434291e-03,6.353680e-06,98,7.745781e-07,0.000000e+00,-2.782357e-02,0.000000e+00,0.000000
102,0.096009,1.778901,7.610012e-04,0.0000,0.119798,2.096199,0.006532,-5.521432e-03,6.066871e-06,97,9.091956e-07,0.000000e+00,-2.826973e-02,0.000000e+00,0.000000
103,0.096766,1.792935,7.574493e-04,0.0000,0.120787,2.113514,0.006532,-5.521432e-03,3.760925e-06,99,8.127607e-07,0.000000e+00,-2.826973e-02,0.000000e+00,0.000000
104,0.097520,1.806909,7.541805e-04,0.0000,0.121340,2.123184,0.006532,-5.728905e-03,3.606027e-06,100,9.209178e-07,0.000000e+00,-2.933199e-02,0.000000e+00,0.000000
105,0.098271,1.820827,7.511815e-04,0.0000,0.121773,2.130756,0.006532,-5.728879e-03,5.833454e-06,94,9.871208e-07,0.000000e+00,-2.933186e-02,0.000000e+00,0.000000
106,0.099020,1.834695,7.484248e-04,0.0000,0.122489,2.143286,0.006532,-6.004652e-03,7.057603e-06,92,8.725861e-07,0.000000e+00,-3.074382e-02,0.000000e+00,0.000000
107,0.099765,1.848499,7.450483e-04,0.0000,0.123715,2.164744,0.006532,-5.989184e-03,6.404433e-06,98,8.817614e-07,0.000000e+00,-3.066462e-02,0.000000e+00,0.000000
108,0.100507,1.862245,7.418800e-04,0.0000,0.124544,2.179249,0.006532,-6.028133e-03,4.607424e-06,97,9.801591e-07,0.000000e+00,-3.086404e-02,0.000000e+00,0.000000
109,0.101246,1.875937,7.389797e-04,0.0000,0.125020,2.187573,0.006532,-6.028113e-03,3.930543e-06,98,9.456165e-07,0.000000e+00,-3.086393e-02,0.000000e+00,0.000000
110,0.101982,1.889580,7.363219e-04,0.0000,0.125509,2.196128,0.006532,-6.027680e-03,4.235616e-06,100,9.060809e-07,0.000000e+00,-3.086172e-02,0.000000e+00,0.000000
111,0.102716,1.903178,7.338866e-04,0.0000,0.126333,2.210558,0.006532,-6.013446e-03,4.325007e-06,98,9.697971e-07,0.000000e+00,-3.078884e-02,0.000000e+00,0.000000
112,0.103447,1.916722,7.309405e-04,0.0000,0.127565,2.232106,0.006532,-6.517753e-03,7.786279e-06,93,7.821272e-07,0.000000e+00,-3.337089e-02,0.000000e+00,0.000000
113,0.104175,1.930212,7.280674e-04,0.0000,0.128260,2.244265,0.006532,-6.506566e-03,3.457727e-06,100,9.008188e-07,0.000000e+00,-3.331361e-02,0.000000e+00,0.000000
114,0.104900,1.943653,7.254681e-04,0.0000,0.128693,2.251845,0.006532,-6.763929e-03,3.591169e-06,101,8.400523e-07,0.000000e+00,-3.463131e-02,0.000000e+00,0.000000
115,0.105624,1.957052,7.231135e-04,0.0000,0.129227,2.261194,0.006532,-6.752107e-03,4.169863e-06,98,9.795221e-07,0.000000e+00,-3.457079e-02,0.000000e+00,0.000000
116,0.106345,1.970411,7.209948e-04,0.0000,0.130203,2.278263,0.006532,-6.803804e-03,6.204900e-06,99,8.357751e-07,0.000000e+00,-3.483548e-02,0.000000e+00,0.000000
117,0.107063,1.983724,7.185131e-04,0.0000,0.131331,2.298004,0.006532,-6.803081e-03,3.890157e-06,99,8.726441e-07,0.000000e+00,-3.483178e-02,0.000000e+00,0.000000
118,0.107779,1.996988,7.158896e-04,0.0000,0.131948,2.308805,0.006532,-7.055310e-03,4.801376e-06,101,8.601811e-07,0.000000e+00,-3.612319e-02,0.000000e+00,0.000000
119,0.108492,2.010208,7.135154e-04,0.0000,0.132364,2.316085,0.006532,-7.029265e-03,4.146862e-06,101,9.949564e-07,0.000000e+00,-3.598983e-02,0.000000e+00,0.000000
120,0.109204,2.023389,7.113789e-04,0.0000,0.132979,2.326845,0.006532,-7.145209e-03,4.201209e-06,99,9.654295e-07,0.000000e+00,-3.658347e-02,0.000000e+00,0.000000
121,0.109913,2.036535,7.095023e-04,0.0000,0.134097,2.346396,0.006532,-7.143337e-03,3.123153e-06,101,9.516486e-07,0.000000e+00,-3.657388e-02,0.000000e+00,0.000000
122,0.110621,2.049644,7.075134e-04,0.0000,0.135080,2.363602,0.006532,-7.501394e-03,4.301260e-06,101,8.851965e-07,0.000000e+00,-3.840714e-02,0.000000e+00,0.000000
123,0.111326,2.062709,7.050932e-04,0.0000,0.135621,2.373078,0.006532,-7.497013e-03,5.206736e-06,90,8.916742e-07,0.000000e+00,-3.838471e-02,0.000000e+00,0.000000
124,0.112029,2.075733,7.029220e-04,0.0000,0.136056,2.380685,0.006532,-7.646783e-03,1.246534e-05,102,9.329590e-07,0.000000e+00,-3.915153e-02,0.000000e+00,0.000000
125,0.112730,2.088721,7.009775e-04,0.0000,0.136740,2.392646,0.006532,-7.547469e-03,7.531568e-06,102,9.618242e-07,0.000000e+00,-3.864304e-02,0.000000e+00,0.000000
126,0.113429,2.101678,6.992967e-04,0.0000,0.137962,2.414038,0.006532,-7.544076e-03,3.610731e-06,102,8.696822e-07,0.000000e+00,-3.862567e-02,0.000000e+00,0.000000
127,0.114127,2.114606,6.977593e-04,0.0000,0.138797,2.428645,0.006532,-7.543425e-03,5.121704e-06,102,8.783381e-07,0.000000e+00,-3.862234e-02,0.000000e+00,0.000000
128,0.114822,2.127493,6.955109e-04,0.0000,0.139286,2.437194,0.006532,-7.550848e-03,6.548826e-06,102,9.304922e-07,0.000000e+00,-3.866034e-02,0.000000e+00,0.000000
129,0.115516,2.140343,6.935074e-04,0.0000,0.139742,2.445188,0.006532,-7.550420e-03,7.039853e-06,103,9.995251e-07,0.000000e+00,-3.865815e-02,0.000000e+00,0.000000
130,0.116208,2.153160,6.917322e-04,0.0000,0.140534,2.459036,0.006532,-7.793679e-03,5.790429e-06,103,9.228655e-07,0.000000e+00,-3.990364e-02,0.000000e+00,0.000000
131,0.116898,2.165949,6.902318e-04,0.0000,0.141755,2.480406,0.006532,-7.768681e-03,5.221329e-06,102,9.660193e-07,0.000000e+00,-3.977565e-02,0.000000e+00,0.000000
132,0.117587,2.178714,6.889573e-04,0.0000,0.142496,2.493363,0.006532,-8.331606e-03,7.244180e-06,102,8.986828e-07,0.000000e+00,-4.265783e-02,0.000000e+00,0.000000
133,0.118274,2.191443,6.870034e-04,0.0000,0.142936,2.501073,0.006532,-8.322853e-03,5.072842e-06,103,9.814359e-07,0.000000e+00,-4.261301e-02,0.000000e+00,0.000000
134,0.118959,2.204138,6.851585e-04,0.0000,0.143454,2.510135,0.006532,-8.336865e-03,7.139387e-06,103,9.796174e-07,0.000000e+00,-4.268475e-02,0.000000e+00,0.000000
135,0.119643,2.216803,6.835467e-04,0.0000,0.144338,2.525602,0.006532,-8.313127e-03,4.391201e-06,99,9.643333e-07,0.000000e+00,-4.256322e-02,0.000000e+00,0.000000
136,0.120325,2.229444,6.821990e-04,0.0000,0.145525,2.546368,0.006532,-9.054664e-03,4.084860e-06,102,8.701278e-07,0.000000e+00,-4.635988e-02,0.000000e+00,0.000000
137,0.121006,2.242063,6.810629e-04,0.0000,0.146172,2.557690,0.006532,-9.020069e-03,4.501263e-06,101,9.541114e-07,0.000000e+00,-4.618276e-02,0.000000e+00,0.000000
138,0.121685,2.254652,6.794578e-04,0.0000,0.146594,2.565074,0.006532,-9.212710e-03,3.619972e-06,102,9.789655e-07,0.000000e+00,-4.716908e-02,0.000000e+00,0.000000
139,0.122363,2.267210,6.777575e-04,0.0000,0.147148,2.574763,0.006532,-9.178377e-03,5.009839e-06,104,8.896831e-07,0.000000e+00,-4.699329e-02,0.000000e+00,0.000000
140,0.123039,2.279741,6.762967e-04,0.0000,0.148172,2.592683,0.006532,-9.205053e-03,4.831531e-06,101,9.809602e-07,0.000000e+00,-4.712987e-02,0.000000e+00,0.000000
141,0.123714,2.292249,6.750737e-04,0.0000,0.149244,2.611446,0.006532,-9.167581e-03,3.709671e-06,101,8.855216e-07,0.000000e+00,-4.693802e-02,0.000000e+00,0.000000
142,0.124388,2.304738,6.740518e-04,0.0000,0.149837,2.621812,0.006532,-9.513502e-03,4.110873e-06,101,8.303901e-07,0.000000e+00,-4.870913e-02,0.000000e+00,0.000000
143,0.125061,2.317203,6.727671e-04,0.0000,0.150250,2.629041,0.006532,-9.507558e-03,4.648609e-06,101,9.424349e-07,0.000000e+00,-4.867870e-02,0.000000e+00,0.000000
144,0.125732,2.329640,6.711887e-04,0.0000,0.150880,2.640062,0.006532,-1.014512e-02,5.533537e-06,102,9.514021e-07,0.000000e+00,-5.194302e-02,0.000000e+00,0.000000
145,0.126402,2.342051,6.698507e-04,0.0000,0.152014,2.659911,0.006532,-1.014348e-02,4.753756e-06,96,9.325382e-07,0.000000e+00,-5.193461e-02,0.000000e+00,0.000000
146,0.127071,2.354442,6.687412e-04,0.0000,0.152966,2.676566,0.006532,-1.058282e-02,4.765930e-06,99,9.958565e-07,0.000000e+00,-5.418405e-02,0.000000e+00,0.000000
147,0.127739,2.366816,6.678206e-04,0.0000,0.153495,2.685821,0.006532,-1.057951e-02,5.776760e-06,102,9.244530e-07,0.000000e+00,-5.416710e-02,0.000000e+00,0.000000
148,0.128406,2.379171,6.668239e-04,0.0000,0.153932,2.693476,0.006532,-1.066110e-02,4.680994e-06,100,9.710194e-07,0.000000e+00,-5.458483e-02,0.000000e+00,0.000000
149,0.129071,2.391499,6.653560e-04,0.0000,0.154624,2.705581,0.006532,-1.064732e-02,3.088520e-06,99,8.985773e-07,0.000000e+00,-5.451428e-02,0.000000e+00,0.000000
150,0.129735,2.403804,6.641369e-04,0.0000,0.155850,2.727030,0.006532,-1.064725e-02,3.174883e-06,102,8.875394e-07,0.000000e+00,-5.451390e-02,0.000000e+00,0.000000
151,0.130398,2.416091,6.631261e-04,0.0000,0.156669,2.741358,0.006532,-1.062139e-02,3.607921e-06,99,9.193074e-07,0.000000e+00,-5.438151e-02,0.000000e+00,0.000000
152,0.131061,2.428362,6.622948e-04,0.0000,0.157152,2.749820,0.006532,-1.072685e-02,4.038885e-06,99,9.994813e-07,0.000000e+00,-5.492150e-02,0.000000e+00,0.000000
153,0.131722,2.440619,6.615129e-04,0.0000,0.157612,2.757858,0.006532,-1.068139e-02,4.327950e-06,100,7.767470e-07,0.000000e+00,-5.468870e-02,0.000000e+00,0.000000
154,0.132382,2.452851,6.601630e-04,0.0000,0.158411,2.771852,0.006532,-1.116029e-02,7.214533e-06,100,8.948469e-07,0.000000e+00,-5.714070e-02,0.000000e+00,0.000000
155,0.133041,2.465063,6.590587e-04,0.0000,0.159628,2.793147,0.006532,-1.114481e-02,3.496728e-06,101,8.994413e-07,0.000000e+00,-5.706144e-02,0.000000e+00,0.000000
156,0.133699,2.477257,6.581501e-04,0.0000,0.160362,2.805990,0.006531,-1.218250e-02,4.718455e-06,100,7.692896e-07,0.000000e+00,-6.237441e-02,0.000000e+00,0.000000
157,0.134357,2.489438,6.574071e-04,0.0000,0.160800,2.813649,0.006531,-1.217369e-02,5.024353e-06,100,8.577245e-07,0.000000e+00,-6.232928e-02,0.000000e+00,0.000000
158,0.135014,2.501606,6.567138e-04,0.0000,0.161321,2.822773,0.006531,-1.217370e-02,5.116827e-06,100,9.641973e-07,0.000000e+00,-6.232933e-02,0.000000e+00,0.000000
159,0.135669,2.513752,6.555080e-04,0.0000,0.162210,2.838319,0.006531,-1.212862e-02,3.052744e-06,100,8.616676e-07,0.000000e+00,-6.209853e-02,0.000000e+00,0.000000
160,0.136324,2.525879,6.545302e-04,0.0000,0.163393,2.859018,0.006531,-1.212843e-02,5.399653e-06,100,8.134612e-07,0.000000e+00,-6.209757e-02,0.000000e+00,0.000000
161,0.136977,2.537992,6.537294e-04,0.0000,0.164035,2.870250,0.006531,-1.208503e-02,7.836353e-06,99,9.166233e-07,0.000000e+00,-6.187537e-02,0.000000e+00,0.000000
162,0.137630,2.550092,6.530818e-04,0.0000,0.164456,2.877615,0.006531,-1.238266e-02,4.283405e-06,103,9.124039e-07,0.000000e+00,-6.339921e-02,0.000000e+00,0.000000
163,0.138283,2.562179,6.523467e-04,0.0000,0.165006,2.887250,0.006531,-1.238096e-02,5.293979e-06,94,9.077962e-07,0.000000e+00,-6.339051e-02,0.000000e+00,0.000000
164,0.138934,2.574247,6.513070e-04,0.0000,0.166025,2.905069,0.006531,-1.265992e-02,4.531847e-06,92,9.375564e-07,0.000000e+00,-6.481878e-02,0.000000e+00,0.000000
165,0.139585,2.586299,6.504664e-04,0.0000,0.167092,2.923753,0.006531,-1.265833e-02,4.824545e-06,79,9.578936e-07,0.000000e+00,-6.481067e-02,0.000000e+00,0.000000
166,0.140234,2.598339,6.497869e-04,0.0000,0.167686,2.934145,0.006531,-1.319340e-02,7.340164e-06,93,9.594802e-07,0.000000e+00,-6.755019e-02,0.000000e+00,0.000000
167,0.140884,2.610369,6.492433e-04,0.0000,0.168093,2.941264,0.006531,-1.318589e-02,4.108715e-06,102,7.806112e-07,0.000000e+00,-6.751174e-02,0.000000e+00,0.000000
168,0.141532,2.622382,6.483698e-04,0.0000,0.168705,2.951969,0.006531,-1.353148e-02,4.996110e-06,101,7.908130e-07,0.000000e+00,-6.928120e-02,0.000000e+00,0.000000
169,0.142179,2.634379,6.474977e-04,0.0000,0.169792,2.970995,0.006531,-1.349969e-02,3.018925e-06,97,9.634495e-07,0.000000e+00,-6.911842e-02,0.000000e+00,0.000000
170,0.142826,2.646363,6.468022e-04,0.0000,0.170774,2.988171,0.006531,-1.424370e-02,4.477804e-06,99,9.344659e-07,0.000000e+00,-7.292773e-02,0.000000e+00,0.000000
171,0.143473,2.658337,6.462472e-04,0.0000,0.171314,2.997624,0.006531,-1.424101e-02,4.463414e-06,99,9.008512e-07,0.000000e+00,-7.291397e-02,0.000000e+00,0.000000
172,0.144118,2.670299,6.455746e-04,0.0000,0.171733,3.004955,0.006531,-1.439226e-02,6.268584e-06,103,9.633828e-07,0.000000e+00,-7.368839e-02,0.000000e+00,0.000000
173,0.144763,2.682244,6.446917e-04,0.0000,0.172365,3.016015,0.006531,-1.438916e-02,4.827448e-06,92,8.105936e-07,0.000000e+00,-7.367248e-02,0.000000e+00,0.000000
174,0.145407,2.694177,6.440014e-04,0.0000,0.173533,3.036446,0.006531,-1.451743e-02,3.984132e-06,100,8.659584e-07,0.000000e+00,-7.432923e-02,0.000000e+00,0.000000
175,0.146050,2.706099,6.434719e-04,0.0000,0.174420,3.051969,0.006531,-1.449890e-02,5.744063e-06,95,9.949344e-07,0.000000e+00,-7.423439e-02,0.000000e+00,0.000000
176,0.146693,2.718012,6.429310e-04,0.0000,0.174938,3.061026,0.006531,-1.482830e-02,2.310906e-06,101,9.274150e-07,0.000000e+00,-7.592090e-02,0.000000e+00,0.000000
177,0.147335,2.729908,6.420415e-04,0.0000,0.175356,3.068347,0.006531,-1.478109e-02,3.281335e-06,97,9.865905e-07,0.000000e+00,-7.567921e-02,0.000000e+00,0.000000
178,0.147977,2.741790,6.413002e-04,0.0000,0.176047,3.080434,0.006531,-1.478618e-02,4.471161e-06,100,9.503307e-07,0.000000e+00,-7.570527e-02,0.000000e+00,0.000000
179,0.148617,2.753662,6.407411e-04,0.0000,0.177227,3.101090,0.006531,-1.478288e-02,3.383708e-06,101,7.595046e-07,0.000000e+00,-7.568834e-02,0.000000e+00,0.000000
180,0.149258,2.765527,6.403333e-04,0.0000,0.178069,3.115813,0.006531,-1.529973e-02,3.227161e-06,103,7.904870e-07,0.000000e+00,-7.833462e-02,0.000000e+00,0.000000
181,0.149897,2.777375,6.394769e-04,0.0000,0.178551,3.124257,0.006531,-1.528603e-02,5.661612e-06,100,9.173137e-07,0.000000e+00,-7.826448e-02,0.000000e+00,0.000000
182,0.150536,2.789210,6.387230e-04,0.0000,0.178998,3.132072,0.006531,-1.531497e-02,6.847762e-06,90,9.670460e-07,0.000000e+00,-7.841264e-02,0.000000e+00,0.000000
183,0.151174,2.801033,6.381137e-04,0.0000,0.179717,3.144650,0.006531,-1.525292e-02,2.976976e-06,101,8.565360e-07,0.000000e+00,-7.809495e-02,0.000000e+00,0.000000
184,0.151812,2.812849,6.376902e-04,0.0000,0.180934,3.165954,0.006531,-1.524652e-02,5.646614e-06,101,8.105290e-07,0.000000e+00,-7.806217e-02,0.000000e+00,0.000000
185,0.152449,2.824652,6.370216e-04,0.0000,0.181703,3.179411,0.006531,-1.523074e-02,2.665854e-06,99,9.972645e-07,0.000000e+00,-7.798138e-02,0.000000e+00,0.000000
186,0.153085,2.836440,6.362199e-04,0.0000,0.182166,3.187500,0.006531,-1.546037e-02,2.795521e-06,92,9.751624e-07,0.000000e+00,-7.915712e-02,0.000000e+00,0.000000
187,0.153720,2.848216,6.355827e-04,0.0000,0.182617,3.195396,0.006531,-1.545514e-02,3.306945e-06,100,8.711301e-07,0.000000e+00,-7.913034e-02,0.000000e+00,0.000000
188,0.154356,2.859984,6.350898e-04,0.0000,0.183395,3.209015,0.006531,-1.600595e-02,2.670338e-06,90,8.053559e-07,0.000000e+00,-8.195044e-02,0.000000e+00,0.000000
189,0.154990,2.871744,6.347058e-04,0.0000,0.184591,3.229938,0.006531,-1.595473e-02,3.643559e-06,101,8.264505e-07,0.000000e+00,-8.168823e-02,0.000000e+00,0.000000
190,0.155624,2.883488,6.338287e-04,0.0000,0.185330,3.242878,0.006531,-1.710706e-02,6.169770e-06,99,9.688033e-07,0.000000e+00,-8.758816e-02,0.000000e+00,0.000000
191,0.156257,2.895219,6.331408e-04,0.0000,0.185769,3.250550,0.006531,-1.709824e-02,6.740437e-06,103,8.765135e-07,0.000000e+00,-8.754301e-02,0.000000e+00,0.000000
192,0.156890,2.906940,6.326164e-04,0.0000,0.186254,3.259034,0.006531,-1.706742e-02,6.485550e-06,101,7.499237e-07,0.000000e+00,-8.738520e-02,0.000000e+00,0.000000
193,0.157522,2.918655,6.322401e-04,0.0000,0.187054,3.273041,0.006531,-1.705822e-02,4.058785e-06,101,9.782477e-07,0.000000e+00,-8.733809e-02,0.000000e+00,0.000000
194,0.158154,2.930358,6.316225e-04,0.0000,0.188255,3.294052,0.006531,-1.705039e-02,5.993181e-06,91,9.582361e-07,0.000000e+00,-8.729800e-02,0.000000e+00,0.000000
195,0.158785,2.942047,6.308570e-04,0.0000,0.188943,3.306093,0.006531,-1.703797e-02,5.265903e-06,100,9.519330e-07,0.000000e+00,-8.723443e-02,0.000000e+00,0.000000
196,0.159415,2.953725,6.302777e-04,0.0000,0.189370,3.313558,0.006531,-1.770298e-02,3.421435e-06,103,7.857746e-07,0.000000e+00,-9.063925e-02,0.000000e+00,0.000000
197,0.160045,2.965395,6.298557e-04,0.0000,0.189850,3.321962,0.006531,-1.766535e-02,3.342154e-06,99,9.590897e-07,0.000000e+00,-9.044661e-02,0.000000e+00,0.000000
198,0.160674,2.977061,6.295847e-04,0.0000,0.190693,3.336710,0.006531,-1.806437e-02,3.833899e-06,101,9.583950e-07,0.000000e+00,-9.248958e-02,0.000000e+00,0.000000
199,0.161303,2.988711,6.287905e-04,0.0000,0.191858,3.357090,0.006531,-1.806027e-02,4.734277e-06,99,9.891797e-07,0.000000e+00,-9.246857e-02,0.000000e+00,0.000000
200,0.161931,3.000349,6.281208e-04,0.0000,0.192539,3.369005,0.006531,-1.881538e-02,4.834992e-06,98,9.061444e-07,0.000000e+00,-9.633472e-02,0.000000e+00,0.000000
